"","PID","county","state","area","poptotal","percwhite","percblack","percamerindan","percasian","percother"
"1",561,"ADAMS","IL",0.052,66090,96.7120593,2.57527614,0.14828264,0.37675897,0.18762294
"2",562,"ALEXANDER","IL",0.014,10626,66.3843403,32.9004329,0.1788067,0.45172219,0.08469791
"3",563,"BOND","IL",0.022,14991,96.5712761,2.86171703,0.23347342,0.10673071,0.22680275
"4",564,"BOONE","IL",0.017,30806,95.2541713,0.41225735,0.14932156,0.48691813,3.69733169
"5",565,"BROWN","IL",0.018,5836,90.1987663,9.37285812,0.23989034,0.08567512,0.10281014
"6",566,"BUREAU","IL",0.05,35688,98.5121049,0.14010312,0.18213405,0.54640215,0.61925577
"7",567,"CALHOUN","IL",0.017,5322,99.5490417,0.01878993,0.15031943,0.28184893,0
"8",568,"CARROLL","IL",0.027,16805,98.2981256,0.6605177,0.1785183,0.36298721,0.49985123
"9",569,"CASS","IL",0.024,13437,99.6055667,0.1190742,0.0595371,0.17116916,0.04465282
"10",570,"CHAMPAIGN","IL",0.058,173025,84.6733131,9.57029331,0.19130183,4.64268169,0.92241006
"11",571,"CHRISTIAN","IL",0.042,34418,99.2968795,0.23824743,0.14817828,0.25858562,0.05810913
"12",572,"CLARK","IL",0.03,15921,99.5038,0.06281012,0.16330632,0.22611645,0.04396709
"13",573,"CLAY","IL",0.028,14460,99.6058091,0.02766252,0.1175657,0.20055325,0.04840941
"14",574,"CLINTON","IL",0.029,33944,96.2997879,3.00789536,0.14140938,0.30638699,0.24452039
"15",575,"COLES","IL",0.03,51644,97.159399,1.79110836,0.17814267,0.66028968,0.21106034
"16",576,"COOK","IL",0.058,5105067,62.7797245,25.8007779,0.20154486,3.69368316,7.52426951
"17",577,"CRAWFORD","IL",0.026,19464,99.1574188,0.32367448,0.17468146,0.24660912,0.09761611
"18",578,"CUMBERLAND","IL",0.02,10670,99.5970009,0.04686036,0.05623243,0.24367385,0.05623243
"19",579,"DE KALB","IL",0.038,77932,93.6303444,2.65487861,0.1578299,2.24683057,1.31011651
"20",580,"DE WITT","IL",0.023,16516,99.2189392,0.15136837,0.22402519,0.2603536,0.14531364
"21",581,"DOUGLAS","IL",0.025,19464,99.054665,0.08220304,0.09761611,0.21064529,0.55487053
"22",582,"DU PAGE","IL",0.02,781666,91.4591398,1.97808271,0.12307047,5.07045209,1.3692549
"23",583,"EDGAR","IL",0.036,19595,99.3569788,0.3470273,0.12248022,0.12248022,0.05103343
"24",584,"EDWARDS","IL",0.014,7440,99.4758065,0.08064516,0.10752688,0.25537634,0.08064516
"25",585,"EFFINGHAM","IL",0.028,31704,99.4290941,0.03785011,0.14193793,0.29964673,0.09147111
"26",586,"FAYETTE","IL",0.044,20893,96.4342124,2.86698894,0.19145168,0.16752022,0.33982674
"27",587,"FORD","IL",0.03,14275,99.17338,0.30122592,0.09807356,0.28021016,0.14711033
"28",588,"FRANKLIN","IL",0.025,40319,99.3774647,0.08928793,0.26290335,0.2083385,0.06200551
"29",589,"FULTON","IL",0.052,38080,97.4711134,1.75420168,0.21796218,0.27573529,0.28098739
"30",590,"GALLATIN","IL",0.019,6909,99.0302504,0.60790274,0.14473875,0.15921262,0.0578955
"31",591,"GREENE","IL",0.033,15317,99.4385323,0.09140171,0.32643468,0.11098779,0.03264347
"32",592,"GRUNDY","IL",0.026,32337,98.5372793,0.06494109,0.13915948,0.34944491,0.90917525
"33",593,"HAMILTON","IL",0.025,8499,99.5646547,0.03529827,0.12942699,0.24708789,0.02353218
"34",594,"HANCOCK","IL",0.047,21373,99.5274412,0.12164881,0.11697001,0.17311561,0.0608244
"35",595,"HARDIN","IL",0.009,5189,97.5525149,1.63808056,0.30834458,0.25052997,0.25052997
"36",596,"HENDERSON","IL",0.023,8096,99.2712451,0.09881423,0.35820158,0.12351779,0.14822134
"37",597,"HENRY","IL",0.051,51159,97.6739186,1.28423151,0.12314549,0.25020036,0.66850408
"38",598,"IROQUOIS","IL",0.067,30787,97.9439374,0.53269237,0.13966934,0.22412057,1.15958034
"39",599,"JACKSON","IL",0.036,61067,85.1376357,10.3853145,0.17849248,3.56657442,0.7319829
"40",600,"JASPER","IL",0.029,10609,99.6700914,0.00942596,0.10368555,0.1602413,0.05655575
"41",601,"JEFFERSON","IL",0.033,37020,94.1545111,5.19719071,0.15126958,0.34846029,0.14856834
"42",602,"JERSEY","IL",0.023,20539,99.0603243,0.46740348,0.20935781,0.15580116,0.1071133
"43",603,"JO DAVIESS","IL",0.035,21821,99.592136,0.06415838,0.09165483,0.1328995,0.11915128
"44",604,"JOHNSON","IL",0.02,11347,90.1559884,9.21829558,0.22913545,0.12338063,0.27319996
"45",605,"KANE","IL",0.029,317471,84.9447666,5.98668855,0.19529343,1.40926258,7.46398884
"46",606,"KANKAKEE","IL",0.039,96255,83.3141136,14.9592229,0.15583606,0.66905615,0.90177134
"47",607,"KENDALL","IL",0.018,39413,96.4630959,0.53281912,0.18521808,0.5683404,2.25052648
"48",608,"KNOX","IL",0.042,56393,92.9423865,5.07155143,0.15072793,0.56744631,1.26788786
"49",609,"LAKE","IL",0.028,516418,87.2676785,6.73311155,0.23198262,2.43756027,3.32966705
"50",610,"LA SALLE","IL",0.068,106913,97.0929634,1.07844696,0.19268003,0.48918279,1.14672678
"51",611,"LAWRENCE","IL",0.022,15972,98.6664162,0.94540446,0.19408966,0.13148009,0.06260957
"52",612,"LEE","IL",0.043,34392,94.5859502,3.5531519,0.24424285,0.52628518,1.09036985
"53",613,"LIVINGSTON","IL",0.062,39301,93.0027226,5.38154245,0.1577568,0.33332485,1.12465332
"54",614,"LOGAN","IL",0.036,30798,94.8860316,4.19183064,0.12013767,0.46431586,0.33768427
"55",615,"MCDONOUGH","IL",0.034,35244,93.6102599,3.55805243,0.18442856,2.27556464,0.37169447
"56",616,"MCHENRY","IL",0.036,183241,97.6282601,0.16917611,0.16317309,0.70562811,1.33376264
"57",617,"MCLEAN","IL",0.068,129180,93.7118749,4.30639418,0.15714507,1.25716055,0.5674253
"58",618,"MACON","IL",0.035,117206,87.1943416,12.0599628,0.13395219,0.43171851,0.18002491
"59",619,"MACOUPIN","IL",0.05,47679,98.7373896,0.79489922,0.19715179,0.18456763,0.08599174
"60",620,"MADISON","IL",0.045,249238,92.3683387,6.47413316,0.27403526,0.56973656,0.31375633
"61",621,"MARION","IL",0.035,41561,95.394721,3.65486875,0.2550468,0.55821563,0.13714781
"62",622,"MARSHALL","IL",0.023,12846,99.2682547,0.13233691,0.23353573,0.21796668,0.14790596
"63",623,"MASON","IL",0.033,16269,99.4529473,0.04917327,0.1659598,0.23357305,0.09834655
"64",624,"MASSAC","IL",0.014,14752,93.5737527,5.89750542,0.25081345,0.210141,0.06778742
"65",625,"MENARD","IL",0.018,11164,99.4356861,0.08061627,0.25976353,0.12540308,0.09853099
"66",626,"MERCER","IL",0.033,17290,99.2192019,0.1735107,0.19086177,0.20242915,0.21399653
"67",627,"MONROE","IL",0.023,22422,99.2864151,0.05797877,0.23637499,0.25421461,0.1650165
"68",628,"MONTGOMERY","IL",0.041,30728,97.4876334,1.81918771,0.15946368,0.21478782,0.31892736
"69",629,"MORGAN","IL",0.033,36397,94.9556282,4.14869357,0.131879,0.35717229,0.40662692
"70",630,"MOULTRIE","IL",0.021,13930,99.6697775,0.05743001,0.15793252,0.09332376,0.02153625
"71",631,"OGLE","IL",0.045,45957,97.6891442,0.14361251,0.1893074,0.2959288,1.68200709
"72",632,"PEORIA","IL",0.038,182827,84.3956308,13.6150569,0.17065313,1.21699749,0.60166168
"73",633,"PERRY","IL",0.026,21412,97.6134878,1.86344106,0.12142724,0.29422754,0.1074164
"74",634,"PIATT","IL",0.025,15548,99.7427322,0.05145356,0.10290713,0.07074865,0.03215848
"75",635,"PIKE","IL",0.049,17577,99.5562383,0.04551402,0.13654207,0.1820561,0.07964954
"76",636,"POPE","IL",0.022,4373,93.1168534,6.0827807,0.34301395,0.13720558,0.32014635
"77",637,"PULASKI","IL",0.011,7523,66.8882095,32.7794763,0.10634056,0.09304799,0.13292569
"78",638,"PUTNAM","IL",0.01,5730,98.0104712,0.15706806,0.12216405,0.12216405,1.58813264
"79",639,"RANDOLPH","IL",0.036,34583,91.1777463,8.24682648,0.15614608,0.24000231,0.17927884
"80",640,"RICHLAND","IL",0.022,16545,99.3774554,0.10275008,0.14505893,0.25989725,0.11483832
"81",641,"ROCK ISLAND","IL",0.028,148723,89.7157803,7.05203634,0.2380264,0.6838216,2.31033532
"82",642,"ST CLAIR","IL",0.04,262852,71.4721592,27.1160197,0.2225587,0.76354755,0.42571485
"83",643,"SALINE","IL",0.022,26551,95.8607962,3.50645927,0.24857821,0.15065346,0.23351286
"84",644,"SANGAMON","IL",0.051,178386,90.8215891,8.05220141,0.16256881,0.77192156,0.19171908
"85",645,"SCHUYLER","IL",0.026,7498,99.7465991,0.02667378,0.12003201,0.08002134,0.02667378
"86",646,"SCOTT","IL",0.015,5644,99.8228207,0.01771793,0.10630758,0.05315379,0
"87",647,"SHELBY","IL",0.044,22261,99.6810566,0.06289026,0.12128835,0.12128835,0.01347648
"88",648,"STARK","IL",0.017,6534,99.4184267,0.12243649,0.12243649,0.32139578,0.01530456
"89",649,"STEPHENSON","IL",0.033,48052,92.6579539,6.41180388,0.12070257,0.63264796,0.1768917
"90",650,"TAZEWELL","IL",0.039,123692,99.1486919,0.15037351,0.1786696,0.3492546,0.17301038
"91",651,"UNION","IL",0.024,17619,98.2632385,0.6924343,0.19297349,0.30081162,0.55054203
"92",652,"VERMILION","IL",0.052,88257,89.4614591,8.88428113,0.18695401,0.57445868,0.89284703
"93",653,"WABASH","IL",0.012,13111,98.8101594,0.30508733,0.08389902,0.61017466,0.19067958
"94",654,"WARREN","IL",0.033,19181,97.1273656,1.85600334,0.10426985,0.36494448,0.54741671
"95",655,"WASHINGTON","IL",0.033,14965,99.2716338,0.3073839,0.20715002,0.17373872,0.04009355
"96",656,"WAYNE","IL",0.042,17241,99.4199872,0.05220115,0.17980396,0.25520561,0.09280204
"97",657,"WHITE","IL",0.029,16522,99.243433,0.24815398,0.22394383,0.21183876,0.07263043
"98",658,"WHITESIDE","IL",0.041,60186,94.9307148,0.69285216,0.14122886,0.31070349,3.92450071
"99",659,"WILL","IL",0.05,357313,84.9171455,10.7359654,0.19366774,1.33608349,2.81713792
"100",660,"WILLIAMSON","IL",0.025,57733,97.2320856,1.98673203,0.1939965,0.43649213,0.15069371
"101",661,"Winnebago","IL",0.03,252913,87.9507973,9.19525687,0.25740077,1.18064315,1.41590191
"102",662,"WOODFORD","IL",0.032,32653,99.188436,0.19600037,0.16537531,0.31237559,0.13781276
"103",663,"ADAMS","IN",0.021,31095,98.1829876,0.11577424,0.13506995,0.19295707,1.37321113
"104",664,"ALLEN","IN",0.041,300836,87.7840418,10.0765866,0.29650707,0.87888418,0.96398037
"105",665,"BARTHOLOMEW","IN",0.022,63657,97.0419593,1.57877374,0.15237916,0.95826068,0.26862717
"106",666,"BENTON","IN",0.024,9441,99.4492109,0.06355259,0.16947357,0.0105921,0.30717085
"107",667,"BLACKFORD","IN",0.01,14067,99.3673136,0.04976185,0.3127888,0.11374138,0.1563944
"108",668,"BOONE","IN",0.024,38147,99.1270611,0.21757936,0.23592943,0.24641518,0.17301492
"109",669,"BROWN","IN",0.019,14080,99.2045455,0.09232955,0.33380682,0.12784091,0.24147727
"110",670,"CARROLL","IN",0.022,18809,99.5268223,0.10101547,0.11696528,0.01594981,0.23924717
"111",671,"CASS","IN",0.024,38413,98.3130711,0.85908416,0.35925338,0.29677453,0.17181683
"112",672,"CLARK","IN",0.022,87777,93.7477927,5.35789558,0.21873612,0.40557321,0.27000239
"113",673,"CLAY","IN",0.021,24705,99.2592593,0.45739729,0.16595831,0.06071645,0.05666869
"114",674,"CLINTON","IN",0.023,30974,98.976561,0.11622651,0.16465423,0.19693937,0.54561891
"115",675,"CRAWFORD","IN",0.018,9914,99.5360097,0.09078071,0.2622554,0.11095421,0
"116",676,"DAVIESS","IN",0.026,27533,99.4152472,0.35956852,0.09443214,0.0726401,0.05811208
"117",677,"DEARBORN","IN",0.019,38835,98.9828763,0.64889919,0.13647483,0.19312476,0.03862495
"118",678,"DECATUR","IN",0.022,23645,99.149926,0.16493973,0.08035525,0.54556989,0.05920914
"119",679,"DE KALB","IN",0.022,35324,99.108255,0.10474465,0.25761522,0.24912241,0.28026271
"120",680,"DELAWARE","IN",0.023,119659,92.9574875,5.98952022,0.22898403,0.53568892,0.28831931
"121",681,"DUBOIS","IN",0.026,36616,99.590343,0.09012454,0.0819314,0.15020756,0.08739349
"122",682,"ELKHART","IN",0.027,156198,93.7944148,4.54935403,0.29001652,0.63829242,0.72792225
"123",683,"FAYETTE","IN",0.012,26015,97.8743033,1.67211224,0.14222564,0.2652316,0.04612723
"124",684,"FLOYD","IN",0.009,64404,95.3589839,4.10222968,0.14284827,0.27172225,0.12421589
"125",685,"FOUNTAIN","IN",0.025,17808,99.5395328,0.02246181,0.14038634,0.15161725,0.1460018
"126",686,"FRANKLIN","IN",0.023,19580,99.5709908,0.05107252,0.17364658,0.13789581,0.06639428
"127",687,"FULTON","IN",0.021,18840,98.4872611,0.8014862,0.24946921,0.1910828,0.27070064
"128",688,"GIBSON","IN",0.029,31913,97.5965907,1.86757748,0.11907373,0.325886,0.09087206
"129",689,"GRANT","IN",0.024,74169,91.4357751,6.80472974,0.40178511,0.50290553,0.85480457
"130",690,"GREENE","IN",0.033,30410,99.4672805,0.03288392,0.15455442,0.21374548,0.13153568
"131",691,"HAMILTON","IN",0.024,108936,98.0061688,0.62054784,0.14962914,1.09238452,0.13126974
"132",692,"HANCOCK","IN",0.017,45527,99.2224394,0.09664595,0.12959343,0.38658379,0.16473741
"133",693,"HARRISON","IN",0.028,29890,99.1669455,0.41485447,0.19404483,0.12044162,0.10371362
"134",694,"HENDRICKS","IN",0.024,75717,98.4177926,0.90468455,0.20735106,0.36319453,0.1069773
"135",695,"HENRY","IN",0.024,48139,98.5604188,0.98464862,0.16203079,0.16203079,0.13087102
"136",696,"HOWARD","IN",0.016,80827,93.3104037,5.44125107,0.27960954,0.56540512,0.40333057
"137",697,"HUNTINGTON","IN",0.023,35427,98.8285771,0.1467807,0.4346967,0.37541988,0.21452564
"138",698,"JACKSON","IN",0.03,37730,98.8311688,0.36575669,0.17492711,0.50092764,0.12721972
"139",699,"JASPER","IN",0.034,24960,98.7940705,0.44471154,0.24038462,0.16025641,0.36057692
"140",700,"JAY","IN",0.022,21512,99.0749349,0.13945705,0.14875418,0.31145407,0.32539978
"141",701,"JEFFERSON","IN",0.021,29797,97.9326778,1.21824345,0.19465047,0.40943719,0.24499111
"142",702,"JENNINGS","IN",0.021,23661,98.6729217,0.88331009,0.13101729,0.21554457,0.09720637
"143",703,"JOHNSON","IN",0.018,88109,98.1227797,0.95903937,0.15775914,0.60606748,0.15435427
"144",704,"KNOX","IN",0.031,39884,98.0518504,1.21853375,0.1730017,0.44629425,0.11031993
"145",705,"KOSCIUSKO","IN",0.032,65294,98.1070236,0.4732441,0.18072105,0.49315404,0.7458572
"146",706,"LAGRANGE","IN",0.022,29477,98.9110154,0.14926892,0.20015605,0.31210775,0.42745191
"147",707,"LAKE","IN",0.03,475594,70.270651,24.5352128,0.18187782,0.58285008,4.42940828
"148",708,"LA PORTE","IN",0.036,107066,89.9314442,8.94775185,0.24190686,0.40255543,0.4763417
"149",709,"LAWRENCE","IN",0.027,42836,99.2996545,0.25445887,0.20543468,0.17975535,0.06069661
"150",710,"MADISON","IN",0.026,130669,91.631527,7.55343655,0.22882244,0.31759637,0.26861765
"151",711,"MARION","IN",0.023,797159,77.1538677,21.2823289,0.21300644,0.95075136,0.40004566
"152",712,"MARSHALL","IN",0.026,42182,98.4021621,0.18017164,0.17068892,0.35797259,0.88900479
"153",713,"MARTIN","IN",0.021,10369,99.5370817,0.11572958,0.13501784,0.13501784,0.07715305
"154",714,"MIAMI","IN",0.024,36897,94.2732471,3.0219259,1.54755129,0.60709543,0.55018023
"155",715,"MONROE","IN",0.024,108978,94.2869203,2.60144249,0.19820514,2.48949329,0.42393878
"156",716,"MONTGOMERY","IN",0.03,34436,98.649669,0.58369149,0.19746777,0.40074341,0.16842839
"157",717,"MORGAN","IN",0.024,55920,99.4903433,0.01609442,0.24499285,0.16273247,0.08583691
"158",718,"NEWTON","IN",0.024,13551,99.1513541,0.06641576,0.28780164,0.1771087,0.31731975
"159",719,"NOBLE","IN",0.025,37877,98.8885075,0.15312723,0.21913034,0.25873221,0.48050268
"160",720,"OHIO","IN",0.005,5315,98.8711195,0.77140169,0.1505174,0.16933208,0.03762935
"161",721,"ORANGE","IN",0.023,18409,98.9353034,0.68987995,0.21728502,0.11407464,0.043457
"162",722,"OWEN","IN",0.023,17281,99.340316,0.25461489,0.2661883,0.10416064,0.03472021
"163",723,"PARKE","IN",0.027,15410,98.780013,0.76573653,0.27255029,0.10382868,0.07787151
"164",724,"PERRY","IN",0.022,19107,98.492699,1.09907364,0.16747789,0.16747789,0.07327158
"165",725,"PIKE","IN",0.02,12509,99.6802302,0.02398273,0.12790791,0.15189064,0.01598849
"166",726,"PORTER","IN",0.026,128932,97.9811063,0.3521236,0.18847144,0.7321689,0.74612974
"167",727,"POSEY","IN",0.025,25968,98.5366605,1.08980283,0.14633395,0.13093038,0.09627234
"168",728,"PULASKI","IN",0.026,12643,98.940125,0.51411848,0.16609982,0.1581903,0.22146642
"169",729,"PUTNAM","IN",0.029,30315,96.308758,2.72472373,0.25399967,0.50799934,0.20451921
"170",730,"RANDOLPH","IN",0.026,27148,99.259614,0.20627671,0.18049212,0.13628997,0.21732724
"171",731,"RIPLEY","IN",0.025,24616,99.5328242,0.06499838,0.17874553,0.15437114,0.06906077
"172",732,"RUSH","IN",0.023,18129,98.7423465,0.78327542,0.08274036,0.33096144,0.06067626
"173",733,"ST JOSEPH","IN",0.028,247052,87.8292829,9.79146091,0.34243803,1.01476612,1.02205204
"174",734,"SCOTT","IN",0.011,20991,99.3282836,0.07622314,0.11909866,0.23819732,0.23819732
"175",735,"SHELBY","IN",0.024,40307,98.6007393,0.81871635,0.16622423,0.35229613,0.06202397
"176",736,"SPENCER","IN",0.024,19490,98.9994869,0.56952283,0.18984094,0.1693176,0.07183171
"177",737,"STARKE","IN",0.019,22747,98.6767486,0.32092144,0.37807183,0.21101684,0.41324131
"178",738,"STEUBEN","IN",0.021,27446,98.9069445,0.18581943,0.23318516,0.4809444,0.19310646
"179",739,"SULLIVAN","IN",0.027,18993,99.5366714,0.07897647,0.20533881,0.07897647,0.10003686
"180",740,"SWITZERLAND","IN",0.013,7738,99.4443009,0.19384854,0.20677178,0.12923236,0.02584647
"181",741,"TIPPECANOE","IN",0.03,130598,93.4263924,2.03678464,0.24502672,3.69148073,0.60031547
"182",742,"TIPTON","IN",0.016,16119,99.1997022,0.06203859,0.12407718,0.3163968,0.29778522
"183",743,"UNION","IN",0.01,6976,99.1255734,0.28669725,0.21502294,0.30103211,0.07167431
"184",744,"VANDERBURGH","IN",0.013,165058,91.6138569,7.51856923,0.17206073,0.55556229,0.13995081
"185",745,"VERMILLION","IN",0.016,16773,99.5051571,0.08942944,0.19078281,0.16693495,0.0476957
"186",746,"VIGO","IN",0.024,106107,92.7469441,5.57550397,0.27990613,1.09417852,0.30346725
"187",747,"WABASH","IN",0.023,35069,98.2691266,0.39350994,0.73854401,0.35073712,0.24808235
"188",748,"WARREN","IN",0.021,8176,99.5596869,0.01223092,0.20792564,0.1834638,0.03669276
"189",749,"WARRICK","IN",0.023,44920,98.5618878,0.82591273,0.18477293,0.34951024,0.0779163
"190",750,"WASHINGTON","IN",0.03,23717,99.6120926,0.09697685,0.11805878,0.07589493,0.09697685
"191",751,"WAYNE","IN",0.024,71951,93.8583202,5.27442287,0.21264472,0.41139109,0.24322108
"192",752,"WELLS","IN",0.021,25948,99.2677663,0.03853862,0.15415446,0.15800832,0.3815323
"193",753,"WHITE","IN",0.03,23265,99.4068343,0.0085966,0.21491511,0.17623039,0.1934236
"194",754,"WHITLEY","IN",0.02,27651,99.356262,0.10487867,0.26400492,0.13381071,0.14104372
"195",1197,"ALCONA","MI",0.041,10145,98.8270084,0.26614096,0.55199606,0.25628388,0.09857072
"196",1198,"ALGER","MI",0.051,8972,93.8698172,2.37405261,3.38831922,0.26749889,0.10031208
"197",1199,"ALLEGAN","MI",0.049,90509,95.8578705,1.5998409,0.59994034,0.45409849,1.48824979
"198",1200,"ALPENA","MI",0.034,30605,99.2386865,0.1143604,0.30387192,0.2777324,0.0653488
"199",1201,"ANTRIM","MI",0.031,18185,98.4052791,0.12647787,1.16029695,0.1319769,0.17596921
"200",1202,"ARENAC","MI",0.021,14931,98.4193959,0.06697475,0.93094903,0.25450405,0.32817628
"201",1203,"BARAGA","MI",0.054,7954,87.6414383,0.61604224,11.5413628,0.12572291,0.07543374
"202",1204,"BARRY","MI",0.034,50057,98.7454302,0.20776315,0.37557185,0.28767205,0.38356274
"203",1205,"BAY","MI",0.026,111723,96.4411983,1.11167799,0.64982143,0.38309032,1.41421193
"204",1206,"BENZIE","MI",0.02,12200,97.2377049,0.24590164,1.94262295,0.28688525,0.28688525
"205",1207,"BERRIEN","MI",0.033,161378,82.5756919,15.4122619,0.42446926,0.92143911,0.66613789
"206",1208,"BRANCH","MI",0.029,41502,97.0507445,1.69871332,0.53250446,0.3758855,0.34215219
"207",1209,"CALHOUN","MI",0.042,135982,87.3181745,10.5771352,0.51183245,0.78539807,0.80745981
"208",1210,"CASS","MI",0.03,49477,90.6016937,7.52875073,0.94791519,0.38603796,0.5356024
"209",1211,"CHARLEVOIX","MI",0.022,21468,97.7874045,0.07918763,1.7607602,0.19098193,0.18166574
"210",1212,"CHEBOYGAN","MI",0.048,21398,97.3782597,0.07010001,2.23385363,0.26638004,0.05140667
"211",1213,"CHIPPEWA","MI",0.078,34604,81.9356144,6.31140909,11.0391862,0.43925558,0.27453474
"212",1214,"CLARE","MI",0.034,24952,98.8497916,0.16030779,0.64123116,0.21240782,0.13626162
"213",1215,"CLINTON","MI",0.034,57883,97.850837,0.37662181,0.47682394,0.34379697,0.95192025
"214",1216,"CRAWFORD","MI",0.034,12260,96.2642741,2.15334421,1.18270799,0.34257749,0.05709625
"215",1217,"DELTA","MI",0.069,37780,97.4563261,0.04235045,2.14134463,0.26204341,0.09793542
"216",1218,"DICKINSON","MI",0.046,26831,98.8856174,0.08572174,0.50314934,0.39506541,0.13044613
"217",1219,"EATON","MI",0.034,92879,94.2613508,3.56377653,0.4715813,0.60185833,1.10143305
"218",1220,"EMMET","MI",0.027,25040,96.3338658,0.53115016,2.72763578,0.27555911,0.13178914
"219",1221,"GENESEE","MI",0.037,430459,78.2074483,19.5737573,0.72759543,0.67416409,0.81703484
"220",1222,"GLADWIN","MI",0.031,21896,99.0774571,0.08677384,0.52064304,0.18268177,0.13244428
"221",1223,"GOGEBIC","MI",0.068,18052,96.8646133,1.34611123,1.56769333,0.14402836,0.07755373
"222",1224,"GRAND TRAVERSE","MI",0.03,64273,98.0489475,0.40296859,0.86350412,0.49476452,0.18981532
"223",1225,"GRATIOT","MI",0.033,38982,97.037094,0.84141399,0.36940126,0.25139808,1.50069263
"224",1226,"HILLSDALE","MI",0.034,43431,98.8211186,0.26018282,0.3292579,0.25788032,0.33156041
"225",1227,"HOUGHTON","MI",0.06,35446,97.2436946,0.44574846,0.4316425,1.72092761,0.1579868
"226",1228,"HURON","MI",0.05,34951,99.0729879,0.06294527,0.25464221,0.17166891,0.43775572
"227",1229,"INGHAM","MI",0.034,281912,84.1337013,9.87435796,0.68851273,2.68239734,2.62103068
"228",1230,"IONIA","MI",0.034,57024,93.1905864,5.2662037,0.38755612,0.21043771,0.94521605
"229",1231,"IOSCO","MI",0.033,30209,95.8853322,2.09209176,0.75474196,0.89046311,0.37737098
"230",1232,"IRON","MI",0.07,13175,98.8842505,0.03036053,0.77419355,0.24288425,0.0683112
"231",1233,"ISABELLA","MI",0.034,54624,95.5843585,1.16249268,1.86731107,0.83479789,0.55103984
"232",1234,"JACKSON","MI",0.043,149756,90.5185769,8.00168274,0.43737814,0.43604263,0.60631961
"233",1235,"KALAMAZOO","MI",0.033,223411,88.3694178,8.89795041,0.45521483,1.41801433,0.85940263
"234",1236,"KALKASKA","MI",0.033,13497,98.6960065,0.07409054,0.84463214,0.17040824,0.21486256
"235",1237,"KENT","MI",0.05,500631,88.7104474,8.05263757,0.55050526,1.0746438,1.61176595
"236",1238,"KEWEENAW","MI",0.02,1701,99.2357437,0.05878895,0.23515579,0.35273369,0.1175779
"237",1239,"LAKE","MI",0.035,8583,85.4829314,13.3519748,0.94372597,0.10485844,0.11650938
"238",1240,"LAPEER","MI",0.038,74768,97.7008881,0.64599829,0.42665311,0.3771667,0.84929382
"239",1241,"LEELANAU","MI",0.021,16527,96.5571489,0.09681128,2.72886791,0.27228172,0.34489018
"240",1242,"LENAWEE","MI",0.043,91476,94.3668285,1.56434475,0.33123442,0.53128689,3.20630548
"241",1243,"LIVINGSTON","MI",0.034,115645,98.2022569,0.58195339,0.60962428,0.41506334,0.19110208
"242",1244,"LUCE","MI",0.055,5763,94.0135346,0.03470415,5.74353635,0.10411244,0.10411244
"243",1245,"MACKINAC","MI",0.059,10674,83.8954469,0.0468428,15.8422335,0.10305415,0.11242271
"244",1246,"MACOMB","MI",0.028,717400,96.6944522,1.4496794,0.36785615,1.27014218,0.21787009
"245",1247,"MANISTEE","MI",0.032,21265,98.053139,0.2539384,0.88878439,0.2539384,0.55019986
"246",1248,"MARQUETTE","MI",0.11,70887,95.9654097,1.6505142,1.33028623,0.75895439,0.29483544
"247",1249,"MASON","MI",0.029,25537,97.7287857,0.60696245,0.73618671,0.29369151,0.63437365
"248",1250,"MECOSTA","MI",0.034,37308,95.7944677,2.62142168,0.69154069,0.50123298,0.39133698
"249",1251,"MENOMINEE","MI",0.064,24920,98.1701445,0.02808989,1.5329053,0.24077047,0.02808989
"250",1252,"MIDLAND","MI",0.031,75651,97.1117368,0.95041705,0.4415011,1.06277511,0.43356995
"251",1253,"MISSAUKEE","MI",0.033,12147,98.9133119,0.02469746,0.60920392,0.20581213,0.24697456
"252",1254,"MONROE","MI",0.033,133600,96.872006,1.7507485,0.36002994,0.42964072,0.58757485
"253",1255,"MONTCALM","MI",0.042,53059,96.5265082,1.80930662,0.72372265,0.29589702,0.64456548
"254",1256,"MONTMORENCY","MI",0.033,8936,99.1606983,0.01119069,0.53715309,0.11190689,0.17905103
"255",1257,"MUSKEGON","MI",0.028,158983,84.2423404,13.5970513,0.84159942,0.34909393,0.96991502
"256",1258,"NEWAYGO","MI",0.051,38202,96.2200932,1.22506675,0.64918067,0.26961939,1.63604
"257",1259,"OAKLAND","MI",0.055,1083592,89.5792881,7.15103102,0.36434378,2.31664686,0.58869021
"258",1260,"OCEANA","MI",0.03,22454,94.464238,0.25830587,1.07775897,0.22267747,3.97701968
"259",1261,"OGEMAW","MI",0.032,18681,98.9722178,0.09635458,0.74942455,0.10170762,0.08029549
"260",1262,"ONTONAGON","MI",0.078,8854,98.5204427,0.04517732,1.231082,0.16941495,0.03388299
"261",1263,"OSCEOLA","MI",0.034,20146,98.7739502,0.28293458,0.58076045,0.21344187,0.14891294
"262",1264,"OSCODA","MI",0.033,7842,99.2221372,0.0255037,0.52282581,0.06375925,0.16577404
"263",1265,"OTSEGO","MI",0.031,17957,98.774851,0.10023946,0.57359247,0.45664643,0.0946706
"264",1266,"OTTAWA","MI",0.033,187768,95.6898939,0.53097439,0.33978101,1.30533424,2.13401645
"265",1267,"PRESQUE ISLE","MI",0.042,13743,99.308739,0.08004075,0.31288656,0.21829295,0.08004075
"266",1268,"ROSCOMMON","MI",0.034,19776,99.0948625,0.18709547,0.51072006,0.11630259,0.09101942
"267",1269,"SAGINAW","MI",0.048,211946,78.0529003,17.3860323,0.43171374,0.60015287,3.52920083
"268",1270,"ST CLAIR","MI",0.04,145607,96.351137,2.05141236,0.51165123,0.32622058,0.75957887
"269",1271,"ST JOSEPH","MI",0.029,58913,96.1774142,2.71586916,0.38361652,0.4379339,0.28516626
"270",1272,"SANILAC","MI",0.056,39928,98.2568624,0.09767582,0.48837908,0.17782008,0.97926267
"271",1273,"SCHOOLCRAFT","MI",0.075,8302,93.4112262,0.08431703,6.25150566,0.15658877,0.09636232
"272",1274,"SHIAWASSEE","MI",0.031,69770,98.4463236,0.13329511,0.56901247,0.31962161,0.53174717
"273",1275,"TUSCOLA","MI",0.048,55498,97.3926988,0.8612923,0.62164402,0.37118455,0.75318029
"274",1276,"VAN BUREN","MI",0.037,70060,90.192692,6.69426206,0.9220668,0.30973451,1.88124465
"275",1277,"WASHTENAW","MI",0.041,282937,83.5486345,11.2109763,0.38029667,4.14367863,0.7164139
"276",1278,"WAYNE","MI",0.035,2111687,57.3952011,40.2099838,0.38111709,1.02780384,0.98589422
"277",1279,"WEXFORD","MI",0.034,26360,98.7860395,0.12898331,0.67526555,0.33004552,0.07966616
"278",2009,"ADAMS","OH",0.035,25371,99.3733002,0.18525088,0.26408104,0.11824524,0.05912262
"279",2010,"ALLEN","OH",0.024,109755,87.6288096,11.2186233,0.18404628,0.52116077,0.44736003
"280",2011,"ASHLAND","OH",0.025,47507,98.2718336,0.96827836,0.10314269,0.57044225,0.08630307
"281",2012,"ASHTABULA","OH",0.041,99821,95.6361888,3.14362709,0.19635147,0.35062762,0.67320504
"282",2013,"ATHENS","OH",0.03,59549,94.3139263,2.81784749,0.28044132,2.30734353,0.28044132
"283",2014,"AUGLAIZE","OH",0.024,44585,99.1925535,0.14803185,0.11214534,0.3969945,0.15027476
"284",2015,"BELMONT","OH",0.031,71074,97.8135464,1.84033543,0.11396573,0.18150097,0.05065143
"285",2016,"BROWN","OH",0.028,34966,98.6300978,1.16112795,0.08007779,0.08579763,0.04289882
"286",2017,"BUTLER","OH",0.028,291479,94.3093671,4.50598499,0.13002652,0.91224411,0.14237732
"287",2018,"CARROLL","OH",0.024,26521,98.9932506,0.50903058,0.2450888,0.10934731,0.14328268
"288",2019,"CHAMPAIGN","OH",0.026,36019,96.3324912,2.754102,0.18878925,0.31372331,0.41089425
"289",2020,"CLARK","OH",0.024,147548,90.3041722,8.83170223,0.19925719,0.44256784,0.22230054
"290",2021,"CLERMONT","OH",0.026,150187,98.5997457,0.85959504,0.14515238,0.30162398,0.09388296
"291",2022,"CLINTON","OH",0.024,35415,97.3344628,2.0217422,0.16659608,0.3896654,0.08753353
"292",2023,"COLUMBIANA","OH",0.031,108276,98.2387602,1.30130407,0.16070043,0.20226089,0.0969744
"293",2024,"COSHOCTON","OH",0.034,35427,98.2837948,1.17142293,0.191944,0.31614305,0.03669518
"294",2025,"CRAWFORD","OH",0.023,47870,98.9367036,0.52851473,0.1399624,0.24232296,0.15249634
"295",2026,"CUYAHOGA","OH",0.026,1412140,72.638407,24.7981787,0.17937315,1.28068039,1.10336086
"296",2027,"DARKE","OH",0.036,53619,98.9705142,0.34316194,0.17904101,0.2126112,0.29467166
"297",2028,"DEFIANCE","OH",0.023,39350,93.931385,1.25285896,0.20330368,0.30749682,4.30495553
"298",2029,"DELAWARE","OH",0.027,66929,96.9504998,2.12762778,0.15538855,0.57523644,0.19124744
"299",2030,"ERIE","OH",0.014,76779,90.6667188,8.22099793,0.19536592,0.34514646,0.57177093
"300",2031,"FAIRFIELD","OH",0.029,103461,98.2109201,1.11442959,0.18654372,0.36535506,0.12275157
"301",2032,"FAYETTE","OH",0.024,27466,96.8215248,2.41025268,0.18204325,0.37136824,0.21481104
"302",2033,"FRANKLIN","OH",0.034,961437,81.5148574,15.8970375,0.21384657,2.02166133,0.35259721
"303",2034,"FULTON","OH",0.025,38498,96.3608499,0.24157099,0.16104733,0.35586264,2.88066913
"304",2035,"GALLIA","OH",0.026,30954,96.3720359,2.81385281,0.25521742,0.43936163,0.11953221
"305",2036,"GEAUGA","OH",0.024,81129,98.1510927,1.30163074,0.1023062,0.38457272,0.06039764
"306",2037,"GREENE","OH",0.025,136731,90.7482575,7.02913019,0.29108249,1.55999737,0.37153242
"307",2038,"GUERNSEY","OH",0.032,39024,97.801353,1.57851579,0.17937679,0.36131611,0.07943829
"308",2039,"HAMILTON","OH",0.025,866228,77.6899384,20.9119308,0.13899343,1.06184515,0.19729217
"309",2040,"HANCOCK","OH",0.031,65536,97.0031738,0.90179443,0.13885498,0.61187744,1.34429932
"310",2041,"HARDIN","OH",0.028,31111,98.5535663,0.75857414,0.21214361,0.36964418,0.10607181
"311",2042,"HARRISON","OH",0.025,16085,97.2645322,2.44327013,0.13677339,0.09325459,0.06216972
"312",2043,"HENRY","OH",0.025,29108,96.0251477,0.5050158,0.18208053,0.32637076,2.96138519
"313",2044,"HIGHLAND","OH",0.034,35728,97.6153157,1.93685625,0.20432154,0.19872369,0.0447828
"314",2045,"HOCKING","OH",0.024,25533,98.6918889,0.91646105,0.21540751,0.09791251,0.07833
"315",2046,"HOLMES","OH",0.025,32849,99.5646747,0.1583001,0.07306158,0.13090201,0.07306158
"316",2047,"HURON","OH",0.03,56240,97.7631579,1.06152205,0.15113798,0.27204836,0.75213371
"317",2048,"JACKSON","OH",0.024,30230,98.8918293,0.72113794,0.17532253,0.12901092,0.08269931
"318",2049,"JEFFERSON","OH",0.022,80298,93.7383247,5.5891803,0.20797529,0.33126603,0.13325363
"319",2050,"KNOX","OH",0.03,47473,98.4707097,0.80256146,0.19590083,0.4107598,0.12006825
"320",2051,"LAKE","OH",0.013,215499,97.3920993,1.63713057,0.11600982,0.67146483,0.18329551
"321",2052,"LAWRENCE","OH",0.026,61834,97.2199761,2.52126662,0.09218229,0.12129249,0.04528253
"322",2053,"LICKING","OH",0.04,128300,97.568979,1.72798129,0.19251754,0.37022603,0.14029618
"323",2054,"LOGAN","OH",0.027,42310,97.2725124,1.90025999,0.13708343,0.56724179,0.12290239
"324",2055,"LORAIN","OH",0.029,271126,89.0910499,7.83030768,0.27219817,0.54550283,2.26094141
"325",2056,"LUCAS","OH",0.021,462361,82.2203862,14.805747,0.25175134,1.07729674,1.64481866
"326",2057,"MADISON","OH",0.028,37068,91.5803388,7.45656631,0.25898349,0.42354592,0.28056545
"327",2058,"MAHONING","OH",0.024,264806,83.4984857,14.9849324,0.16766992,0.37197042,0.97694161
"328",2059,"MARION","OH",0.024,64274,94.8252793,4.21165635,0.23026418,0.44341413,0.28938607
"329",2060,"MEDINA","OH",0.025,122354,98.4879939,0.69470553,0.14057571,0.55903362,0.11769129
"330",2061,"MEIGS","OH",0.025,22987,98.8993779,0.77000044,0.19141254,0.0870057,0.05220342
"331",2062,"MERCER","OH",0.028,39443,99.2089851,0.03549426,0.21550085,0.25353041,0.28648936
"332",2063,"MIAMI","OH",0.024,93182,97.1421519,1.90916701,0.16956064,0.65034019,0.12878024
"333",2064,"MONROE","OH",0.026,15497,99.6128283,0.12260438,0.16777441,0.07743434,0.01935859
"334",2065,"MONTGOMERY","OH",0.027,573809,80.7848953,17.7440577,0.18560183,1.02577687,0.25966829
"335",2066,"MORGAN","OH",0.025,14194,95.2796956,4.01578132,0.45089474,0.08454276,0.16908553
"336",2067,"MORROW","OH",0.024,27749,99.3873653,0.23063894,0.17658294,0.13694187,0.06847094
"337",2068,"MUSKINGUM","OH",0.041,82068,95.1954477,4.225764,0.26075937,0.18521226,0.13281669
"338",2069,"NOBLE","OH",0.024,11336,99.6912491,0.06175018,0.13232181,0.07939308,0.03528582
"339",2070,"OTTAWA","OH",0.016,40029,97.5018112,0.66202004,0.12740763,0.23482975,1.4739314
"340",2071,"PAULDING","OH",0.025,20488,97.2276455,1.15189379,0.26356892,0.09761812,1.25927372
"341",2072,"PERRY","OH",0.023,31557,99.5278385,0.18062553,0.14576798,0.06654625,0.07922173
"342",2073,"PICKAWAY","OH",0.03,48255,92.9789659,6.291576,0.26318516,0.19687079,0.26940213
"343",2074,"PIKE","OH",0.026,24249,98.1772444,1.34850922,0.29691946,0.16907914,0.00824776
"344",2075,"PORTAGE","OH",0.03,142585,96.0816355,2.73941859,0.20479013,0.83529123,0.13886454
"345",2076,"PREBLE","OH",0.025,40113,99.2670705,0.36646474,0.13212674,0.16204223,0.07229576
"346",2077,"PUTNAM","OH",0.029,33819,98.1607972,0.07687986,0.13010438,0.07392294,1.55829563
"347",2078,"RICHLAND","OH",0.029,126137,91.2325487,7.91282494,0.1767919,0.45823192,0.2196025
"348",2079,"ROSS","OH",0.041,69330,92.8342709,6.44309823,0.22356844,0.38367229,0.11539016
"349",2080,"SANDUSKY","OH",0.024,61963,94.059358,2.50633443,0.15170344,0.22916902,3.05343511
"350",2081,"SCIOTO","OH",0.035,80327,96.1731423,3.05999228,0.50916877,0.15685884,0.10083783
"351",2082,"SENECA","OH",0.033,59733,96.2181709,1.96206452,0.15067048,0.39174326,1.27735088
"352",2083,"SHELBY","OH",0.025,44915,97.4930424,1.36925303,0.10909496,0.87498608,0.15362351
"353",2084,"STARK","OH",0.034,367585,92.3380987,6.81529442,0.25844363,0.41595821,0.17220507
"354",2085,"SUMMIT","OH",0.024,514990,86.7787724,11.8808132,0.20680013,0.96875667,0.16485757
"355",2086,"TRUMBULL","OH",0.037,227813,92.5825129,6.68135708,0.14968417,0.42710469,0.15934121
"356",2087,"TUSCARAWAS","OH",0.034,84090,98.8310144,0.74087287,0.16410988,0.22238078,0.04162207
"357",2088,"UNION","OH",0.026,31969,95.6019894,3.65353937,0.17829773,0.4129,0.15327348
"358",2089,"VAN WERT","OH",0.024,30464,98.1486345,0.63353466,0.10175945,0.25603992,0.86003151
"359",2090,"VINTON","OH",0.024,11098,99.7567129,0.03604253,0.14417012,0.0270319,0.03604253
"360",2091,"WARREN","OH",0.023,113909,97.0300854,2.12011342,0.20279346,0.55043939,0.09656831
"361",2092,"WASHINGTON","OH",0.038,62254,98.1928872,1.2432936,0.1783018,0.29716966,0.08834774
"362",2093,"WAYNE","OH",0.033,101461,97.7035511,1.53457979,0.12812805,0.5272962,0.10644484
"363",2094,"WILLIAMS","OH",0.025,36956,98.4035069,0.06223617,0.12447235,0.34365191,1.0661327
"364",2095,"WOOD","OH",0.037,113269,96.4986007,1.03117358,0.17392226,0.90757401,1.38872948
"365",2096,"WYANDOT","OH",0.024,22254,99.2495731,0.08987148,0.08987148,0.29208232,0.2786016
"366",2981,"ADAMS","WI",0.041,15682,95.6574417,2.39127662,0.79709221,0.35709731,0.79709221
"367",2982,"ASHLAND","WI",0.054,16307,90.4458208,0.10424971,9.06359232,0.28208745,0.10424971
"368",2983,"BARRON","WI",0.053,40750,99.008589,0.09815951,0.51288344,0.23312883,0.14723926
"369",2984,"BAYFIELD","WI",0.089,14008,90.71245,0.20702456,8.85208452,0.17133067,0.05711022
"370",2985,"BROWN","WI",0.032,194594,95.9027514,0.52005714,1.98824219,1.29603174,0.29291756
"371",2986,"BUFFALO","WI",0.04,13584,99.5362191,0.03680801,0.16195524,0.21348645,0.05153121
"372",2987,"BURNETT","WI",0.053,13084,95.5136044,0.1681443,4.06603485,0.18343014,0.0687863
"373",2988,"CALUMET","WI",0.023,34291,98.8889213,0.0845703,0.42576769,0.50450556,0.09623516
"374",2989,"CHIPPEWA","WI",0.063,52360,99.0336134,0.0592055,0.28647823,0.52711994,0.09358289
"375",2990,"CLARK","WI",0.072,31647,99.33643,0.09163586,0.287547,0.12007457,0.16431257
"376",2991,"COLUMBIA","WI",0.046,45088,98.6271292,0.53894606,0.30163236,0.30163236,0.23066004
"377",2992,"CRAWFORD","WI",0.035,15940,99.0652447,0.31367629,0.16311167,0.35131744,0.10664994
"378",2993,"DANE","WI",0.073,367085,93.8793467,2.86336952,0.32717218,2.36076113,0.56935042
"379",2994,"DODGE","WI",0.054,76559,97.5718074,1.49166003,0.28082916,0.25731789,0.39838556
"380",2995,"DOOR","WI",0.028,25690,98.8205527,0.11288439,0.69287661,0.18295056,0.19073569
"381",2996,"DOUGLAS","WI",0.078,41758,96.8772451,0.40710762,1.92777432,0.63700369,0.15086929
"382",2997,"DUNN","WI",0.052,35909,97.2708792,0.47898855,0.26455763,1.76278927,0.22278537
"383",2998,"EAU CLAIRE","WI",0.038,85183,96.5004754,0.27939847,0.54823145,2.49345527,0.17843936
"384",2999,"FLORENCE","WI",0.03,4590,99.3899782,0.08714597,0.30501089,0.08714597,0.13071895
"385",3000,"FOND DU LAC","WI",0.044,90083,98.5313544,0.28529245,0.32969595,0.49731914,0.35633804
"386",3001,"FOREST","WI",0.06,8776,89.3573382,1.44712853,8.88787603,0.15952598,0.14813127
"387",3002,"GRANT","WI",0.069,49264,99.1352712,0.15427087,0.15427087,0.47499188,0.08119519
"388",3003,"GREEN","WI",0.034,30339,99.4528495,0.07581001,0.16810046,0.21754178,0.08569828
"389",3004,"GREEN LAKE","WI",0.022,18651,98.5791647,0.1125945,0.225189,0.55224921,0.53080264
"390",3005,"IOWA","WI",0.046,20150,99.7171216,0.03473945,0.10421836,0.0942928,0.04962779
"391",3006,"IRON","WI",0.047,6153,99.4799285,0.01625223,0.40630587,0.03250447,0.06500894
"392",3007,"JACKSON","WI",0.06,16588,95.3339764,0.28333735,4.0631782,0.18085363,0.13865445
"393",3008,"JEFFERSON","WI",0.035,67783,98.4052048,0.27883098,0.25965213,0.42341,0.63290206
"394",3009,"JUNEAU","WI",0.047,21650,98.4157044,0.14318707,0.76674365,0.36027714,0.31408776
"395",3010,"KENOSHA","WI",0.016,128181,92.9833595,4.13087743,0.3682293,0.52191823,1.99561557
"396",3011,"KEWAUNEE","WI",0.02,18878,99.4067168,0.12713211,0.27545291,0.12183494,0.06886323
"397",3012,"LA CROSSE","WI",0.028,97904,96.3382497,0.44737702,0.34727897,2.72409707,0.14299722
"398",3013,"LAFAYETTE","WI",0.037,16076,99.5832297,0.08708634,0.13062951,0.1181886,0.08086589
"399",3014,"LANGLADE","WI",0.052,19505,98.9028454,0.06664958,0.702384,0.11279159,0.2153294
"400",3015,"LINCOLN","WI",0.053,26993,98.9589894,0.31119179,0.35564776,0.28896381,0.08520728
"401",3016,"MANITOWOC","WI",0.036,80421,97.8973154,0.14299748,0.39541911,1.33174171,0.23252633
"402",3017,"MARATHON","WI",0.094,115400,97.2175043,0.07712305,0.42461005,2.16551127,0.1152513
"403",3018,"MARINETTE","WI",0.082,40548,99.3390549,0.0197297,0.36993193,0.15537141,0.11591201
"404",3019,"MARQUETTE","WI",0.027,12321,98.806915,0.25160295,0.39769499,0.14609204,0.39769499
"405",3020,"MENOMINEE","WI",0.021,3890,10.6940874,0,89.1773779,0,0.1285347
"406",3021,"MILWAUKEE","WI",0.015,959275,74.9438899,20.3768471,0.72909228,1.59578849,2.35438222
"407",3022,"MONROE","WI",0.054,36633,98.2256435,0.38489886,0.82166353,0.39035842,0.17743565
"408",3023,"OCONTO","WI",0.06,30226,99.007477,0.05955138,0.70138292,0.11910276,0.11248594
"409",3024,"ONEIDA","WI",0.071,31679,98.8667572,0.18308659,0.70393636,0.17677326,0.06944664
"410",3025,"OUTAGAMIE","WI",0.037,140510,96.8208668,0.14660878,1.39847698,1.3550637,0.2789837
"411",3026,"OZAUKEE","WI",0.015,72831,98.4141368,0.67553652,0.1743763,0.60139226,0.13455809
"412",3027,"PEPIN","WI",0.014,7107,99.4793865,0.02814127,0.25327142,0.12663571,0.11256508
"413",3028,"PIERCE","WI",0.034,32765,98.7822371,0.25026705,0.26552724,0.5249504,0.17701816
"414",3029,"POLK","WI",0.055,34773,98.7777874,0.06614327,0.92313001,0.14378972,0.08914963
"415",3030,"PORTAGE","WI",0.048,61405,97.6663138,0.26219363,0.41527563,1.28002606,0.37619086
"416",3031,"PRICE","WI",0.075,15600,99.224359,0.04487179,0.49358974,0.17307692,0.06410256
"417",3032,"RACINE","WI",0.02,175034,86.8962602,9.71182742,0.29765646,0.57360284,2.52065313
"418",3033,"RICHLAND","WI",0.034,17521,99.372182,0.06848924,0.19405285,0.2168826,0.14839336
"419",3034,"ROCK","WI",0.042,139510,93.7588703,4.75808186,0.26449717,0.70604258,0.51250806
"420",3035,"RUSK","WI",0.055,15079,98.2890112,0.20558392,0.54380264,0.7560183,0.20558392
"421",3036,"ST CROIX","WI",0.044,50251,99.2915564,0.08756045,0.24079123,0.2945215,0.08557044
"422",3037,"SAUK","WI",0.05,46975,98.9015434,0.11495476,0.61309207,0.16817456,0.20223523
"423",3038,"SAWYER","WI",0.079,14181,84.3523024,0.1269304,15.2810098,0.10577533,0.13398209
"424",3039,"SHAWANO","WI",0.054,37157,94.8704147,0.11303388,4.74204053,0.18838981,0.08612105
"425",3040,"SHEBOYGAN","WI",0.032,103877,96.6421826,0.41395112,0.34367569,1.98407732,0.61611329
"426",3041,"TAYLOR","WI",0.057,18901,99.5026718,0.01058145,0.20633829,0.23279192,0.04761653
"427",3042,"TREMPEALEAU","WI",0.043,25263,99.5922891,0.0475003,0.12666746,0.18208447,0.05145865
"428",3043,"VERNON","WI",0.048,25617,99.578405,0.04684389,0.14053168,0.16395362,0.07026584
"429",3044,"VILAS","WI",0.06,17707,91.0148529,0.05082736,8.66324053,0.21460439,0.05647484
"430",3045,"WALWORTH","WI",0.032,75000,96.996,0.60533333,0.268,0.65866667,1.472
"431",3046,"WASHBURN","WI",0.05,13772,98.6421725,0.18152774,0.88585536,0.23961661,0.05082777
"432",3047,"WASHINGTON","WI",0.025,95328,99.0947046,0.13112622,0.21819402,0.35351628,0.20245888
"433",3048,"WAUKESHA","WI",0.034,304715,97.8990204,0.35968036,0.22053394,0.8857457,0.63501961
"434",3049,"WAUPACA","WI",0.045,46104,99.1128752,0.0477182,0.27112615,0.19954885,0.36873156
"435",3050,"WAUSHARA","WI",0.037,19385,98.4988393,0.14960021,0.36110395,0.221821,0.76863554
"436",3051,"WINNEBAGO","WI",0.035,140320,97.5071266,0.49672178,0.4881699,1.23147092,0.27651083
"437",3052,"WOOD","WI",0.048,73605,98.0327423,0.1222743,0.65348821,0.98091162,0.21058352
